--==========================================================================================================================
-- AUDIO
--==========================================================================================================================	
--------------------------------------------------------------------------------------------------------------------------
-- Audio_Sounds
--------------------------------------------------------------------------------------------------------------------------	
INSERT OR REPLACE INTO Audio_Sounds 	
		(SoundID, 													Filename, 								LoadType)
VALUES	('SND_SOUND_JFD_GENERIC_CHOICE', 							'GenericChoice',						'DynamicResident'),
		('SND_SOUND_JFD_GOVERNMENT_ESTABLISHED', 					'GovernmentEstablished',				'DynamicResident'),
		('SND_SOUND_JFD_GOVERNMENT_CALIPHATE_ESTABLISHED', 			'GovernmentCaliphateEstablished',		'DynamicResident'),
		('SND_SOUND_JFD_GOVERNMENT_HOLY_ROMAN_ESTABLISHED', 		'GovernmentHREEstablished',				'DynamicResident'),
		('SND_SOUND_JFD_GOVERNMENT_MANDATE_ESTABLISHED', 			'GovernmentMandateEstablished',			'DynamicResident'),
		('SND_SOUND_JFD_GOVERNMENT_MAMLUKE_ESTABLISHED', 			'GovernmentMamlukeEstablished',			'DynamicResident'),
		('SND_SOUND_JFD_GOVERNMENT_PAPACY_ESTABLISHED', 			'GovernmentPapacyEstablished',			'DynamicResident'),
		('SND_SOUND_JFD_GOVERNMENT_SHOGUNATE_ESTABLISHED', 			'GovernmentShogunateEstablished',		'DynamicResident'),
		('SND_SOUND_JFD_ANARCHY', 									'Anarchy',								'DynamicResident'),
		('SND_SOUND_JFD_ANARCHY_ENDS', 								'AnarchyEnds',							'DynamicResident'),
		('SND_SOUND_JFD_LEGISLATURE_RESET', 						'LegislatureReset',						'DynamicResident'),
		('SND_SOUND_JFD_REFORM_PASSABLE', 							'ReformPassable',						'DynamicResident'),
		('SND_SOUND_JFD_REFORM_PASSED', 							'ReformPassed',							'DynamicResident'),
		('SND_WONDER_SPEECH_JFD_AMER_FORT',							'Wonder_AmerFort',						'DynamicResident'),
		('SND_WONDER_SPEECH_JFD_APADANA',							'Wonder_Apadana',						'DynamicResident'),
		('SND_WONDER_SPEECH_JFD_CAIRO_CITADEL',						'Wonder_CairoCitadel',					'DynamicResident'),
		('SND_WONDER_SPEECH_JFD_DOGES_PALACE',						'Wonder_DogesPalace',					'DynamicResident'),
		('SND_WONDER_SPEECH_JFD_FORUM_MAGNUM',						'Wonder_ForumMagnum',					'DynamicResident'),
		('SND_WONDER_SPEECH_JFD_HOFBURG_PALACE',					'Wonder_HofburgPalace',					'DynamicResident'),
		('SND_WONDER_SPEECH_JFD_MOSQUE_DAMASCUS',					'Wonder_MosqueDamascus',				'DynamicResident'),
		('SND_WONDER_SPEECH_JFD_SARGONS_PALACE',					'Wonder_SargonsPalace',					'DynamicResident'),
		('SND_WONDER_SPEECH_JFD_ST_PETERS_BASILICA',				'Wonder_StPetersBasilica',				'DynamicResident'),
		('SND_WONDER_SPEECH_JFD_TEMPLE_OF_HEAVEN',					'Wonder_TempleOfHeaven',				'DynamicResident'),
		('SND_WONDER_SPEECH_JFD_VERSAILLES',						'Wonder_Versailles',					'DynamicResident');
--------------------------------------------------------------------------------------------------------------------------
-- Audio_2DSounds
--------------------------------------------------------------------------------------------------------------------------	
INSERT OR REPLACE INTO Audio_2DSounds 
		(ScriptID, 													SoundID, 													SoundType,   Looping,   DontTriggerDuplicates,	DontPlayMoreThan,	TaperSoundtrackVolume,	MinVolume, 	MaxVolume)
VALUES	('AS2D_SOUND_JFD_GENERIC_CHOICE', 							'SND_SOUND_JFD_GENERIC_CHOICE', 							'GAME_SFX',  0,		    1,						1,					-1.0,					100, 		100),			
		('AS2D_SOUND_JFD_ANARCHY', 									'SND_SOUND_JFD_ANARCHY', 									'GAME_SFX',  0,		    1,						1,					-1.0,					75, 		75),			
		('AS2D_SOUND_JFD_ANARCHY_ENDS', 							'SND_SOUND_JFD_ANARCHY_ENDS', 								'GAME_SFX',  0,		    1,						1,					-1.0,					75, 		75),			
		('AS2D_SOUND_JFD_GOVERNMENT_ESTABLISHED', 					'SND_SOUND_JFD_GOVERNMENT_ESTABLISHED', 					'GAME_SFX',  0,		    1,						1,					-1.0,					100, 		100),			
		('AS2D_SOUND_JFD_GOVERNMENT_CALIPHATE_ESTABLISHED', 		'SND_SOUND_JFD_GOVERNMENT_CALIPHATE_ESTABLISHED', 			'GAME_SFX',  0,		    1,						1,					-1.0,					100, 		100),			
		('AS2D_SOUND_JFD_GOVERNMENT_HOLY_ROMAN_ESTABLISHED',		'SND_SOUND_JFD_GOVERNMENT_HOLY_ROMAN_ESTABLISHED',			'GAME_SFX',  0,		    1,						1,					-1.0,					100, 		100),			
		('AS2D_SOUND_JFD_GOVERNMENT_MANDATE_ESTABLISHED',			'SND_SOUND_JFD_GOVERNMENT_MANDATE_ESTABLISHED', 			'GAME_SFX',  0,		    1,						1,					-1.0,					100, 		100),			
		('AS2D_SOUND_JFD_GOVERNMENT_MAMLUKE_ESTABLISHED',			'SND_SOUND_JFD_GOVERNMENT_MAMLUKE_ESTABLISHED', 			'GAME_SFX',  0,		    1,						1,					-1.0,					100, 		100),			
		('AS2D_SOUND_JFD_GOVERNMENT_PAPACY_ESTABLISHED', 			'SND_SOUND_JFD_GOVERNMENT_PAPACY_ESTABLISHED', 				'GAME_SFX',  0,		    1,						1,					-1.0,					100, 		100),			
		('AS2D_SOUND_JFD_GOVERNMENT_SHOGUNATE_ESTABLISHED', 		'SND_SOUND_JFD_GOVERNMENT_SHOGUNATE_ESTABLISHED', 			'GAME_SFX',  0,		    1,						1,					-1.0,					100, 		100),			
		('AS2D_SOUND_JFD_LEGISLATURE_RESET', 						'SND_SOUND_JFD_LEGISLATURE_RESET', 							'GAME_SFX',  0,		    1,						1,					-1.0,					75, 		75),			
		('AS2D_SOUND_JFD_REFORM_PASSABLE', 							'SND_SOUND_JFD_REFORM_PASSABLE', 							'GAME_SFX',  0,		    1,						1,					-1.0,					100, 		100),			
		('AS2D_SOUND_JFD_REFORM_PASSED', 							'SND_SOUND_JFD_REFORM_PASSED', 								'GAME_SFX',  0,		    1,						1,					-1.0,					100, 		100),			
		('AS2D_WONDER_SPEECH_JFD_AMER_FORT',						'SND_WONDER_SPEECH_JFD_AMER_FORT',							'GAME_SFX',  0,			1,						1,					0.0,					75, 		75),		
		('AS2D_WONDER_SPEECH_JFD_APADANA',							'SND_WONDER_SPEECH_JFD_APADANA',							'GAME_SFX',  0,			1,						1,					0.0,					75, 		75),		
		('AS2D_WONDER_SPEECH_JFD_CAIRO_CITADEL',					'SND_WONDER_SPEECH_JFD_CAIRO_CITADEL',						'GAME_SFX',  0,			1,						1,					0.0,					75, 		75),		
		('AS2D_WONDER_SPEECH_JFD_DOGES_PALACE',						'SND_WONDER_SPEECH_JFD_DOGES_PALACE',						'GAME_SFX',  0,			1,						1,					0.0,					75, 		75),		
		('AS2D_WONDER_SPEECH_JFD_FORUM_MAGNUM',						'SND_WONDER_SPEECH_JFD_FORUM_MAGNUM',						'GAME_SFX',  0,			1,						1,					0.0,					75, 		75),		
		('AS2D_WONDER_SPEECH_JFD_HOFBURG_PALACE',					'SND_WONDER_SPEECH_JFD_HOFBURG_PALACE',						'GAME_SFX',  0,			1,						1,					0.0,					75, 		75),		
		('AS2D_WONDER_SPEECH_JFD_MOSQUE_DAMASCUS',					'SND_WONDER_SPEECH_JFD_MOSQUE_DAMASCUS',					'GAME_SFX',  0,			1,						1,					0.0,					75, 		75),		
		('AS2D_WONDER_SPEECH_JFD_SARGONS_PALACE',					'SND_WONDER_SPEECH_JFD_SARGONS_PALACE',						'GAME_SFX',  0,			1,						1,					0.0,					75, 		75),		
		('AS2D_WONDER_SPEECH_JFD_ST_PETERS_BASILICA',				'SND_WONDER_SPEECH_JFD_ST_PETERS_BASILICA',					'GAME_SFX',  0,			1,						1,					0.0,					75, 		75),		
		('AS2D_WONDER_SPEECH_JFD_TEMPLE_OF_HEAVEN',					'SND_WONDER_SPEECH_JFD_TEMPLE_OF_HEAVEN',					'GAME_SFX',  0,			1,						1,					0.0,					75, 		75),		
		('AS2D_WONDER_SPEECH_JFD_VERSAILLES',						'SND_WONDER_SPEECH_JFD_VERSAILLES',							'GAME_SFX',  0,			1,						1,					0.0,					75, 		75);
--==========================================================================================================================
-- COLOURS
--==========================================================================================================================	
------------------------------------------------------------------------------------------------------------------------
-- Colors
------------------------------------------------------------------------------------------------------------------------			
INSERT INTO Colors 
		(Type, 								Red, 	Green, 	Blue, 	Alpha)
VALUES	('COLOR_JFD_FACTION_POWER', 		0.580,	0.486, 	0.364, 	1),
		('COLOR_JFD_SOVEREIGNTY', 			0.847,	0.631, 	0.070, 	1),
		('COLOR_JFD_SOVEREIGNTY_FADING', 	0.698, 	0.588, 	0.313, 	1);
--==========================================================================================================================
-- FONT ICONS
--==========================================================================================================================
--------------------------------------------------------------------------------------------------------------------------
-- IconFontTextures
--------------------------------------------------------------------------------------------------------------------------	
INSERT OR REPLACE INTO IconFontTextures 
		(IconFontTexture, 											IconFontTextureFile)
VALUES	('ICON_FONT_TEXTURE_JFD_GOVERNMENT',						'FontIcons_JFD_Government_22'),
		('ICON_FONT_TEXTURE_JFD_GOVERNMENT_COOLDOWN',				'FontIcons_JFD_LegislatureCooldown_22'),
		('ICON_FONT_TEXTURE_JFD_FACTION_POWER',						'FontIcons_JFD_FactionPower_22'),
		('ICON_FONT_TEXTURE_JFD_FACTION_ABBOTS',					'FontIcons_JFD_FactionAbbots_22'),
		('ICON_FONT_TEXTURE_JFD_FACTION_ARISTOCRATS',				'FontIcons_JFD_FactionAristocrats_22'),
		('ICON_FONT_TEXTURE_JFD_FACTION_ARMOURERS',					'FontIcons_JFD_FactionArmourers_22'),
		('ICON_FONT_TEXTURE_JFD_FACTION_BUREAUCRATS',				'FontIcons_JFD_FactionBureaucrats_22'),
		('ICON_FONT_TEXTURE_JFD_FACTION_BOURGEOISIE',				'FontIcons_JFD_FactionBourgeoisie_22'),
		('ICON_FONT_TEXTURE_JFD_FACTION_CARDINAL',					'FontIcons_JFD_FactionCardinal_22'),
		('ICON_FONT_TEXTURE_JFD_FACTION_CARDINAL_1',				'FontIcons_JFD_FactionCardinal1_22'),
		('ICON_FONT_TEXTURE_JFD_FACTION_CARDINAL_2',				'FontIcons_JFD_FactionCardinal2_22'),
		('ICON_FONT_TEXTURE_JFD_FACTION_CARDINAL_3',				'FontIcons_JFD_FactionCardinal3_22'),
		('ICON_FONT_TEXTURE_JFD_FACTION_CARDINAL_4',				'FontIcons_JFD_FactionCardinal4_22'),
		('ICON_FONT_TEXTURE_JFD_FACTION_CARDINAL_5',				'FontIcons_JFD_FactionCardinal5_22'),
		('ICON_FONT_TEXTURE_JFD_FACTION_CITIZENS',					'FontIcons_JFD_FactionCitizens_22'),
		('ICON_FONT_TEXTURE_JFD_FACTION_CLERGY',					'FontIcons_JFD_FactionClergy_22'),
		('ICON_FONT_TEXTURE_JFD_FACTION_COMMONS',					'FontIcons_JFD_FactionCommons_22'),
		('ICON_FONT_TEXTURE_JFD_FACTION_COMMUNIST',					'FontIcons_JFD_FactionCommunist_22'),
		('ICON_FONT_TEXTURE_JFD_FACTION_CONSERVATIVE',				'FontIcons_JFD_FactionConservative_22'),
		('ICON_FONT_TEXTURE_JFD_FACTION_DAIMYO',					'FontIcons_JFD_FactionDaimyo_22'),
		('ICON_FONT_TEXTURE_JFD_FACTION_DHIMMI',					'FontIcons_JFD_FactionDhimmi_22'),
		('ICON_FONT_TEXTURE_JFD_FACTION_ELDERS',					'FontIcons_JFD_FactionElders_22'),
		('ICON_FONT_TEXTURE_JFD_FACTION_EMIRS',						'FontIcons_JFD_FactionEmirs_22'),
		('ICON_FONT_TEXTURE_JFD_FACTION_FASCIST',					'FontIcons_JFD_FactionFascist_22'),
		('ICON_FONT_TEXTURE_JFD_FACTION_GREEN',						'FontIcons_JFD_FactionGreen_22'),
		('ICON_FONT_TEXTURE_JFD_FACTION_GENERALS',					'FontIcons_JFD_FactionGenerals_22'),
		('ICON_FONT_TEXTURE_JFD_FACTION_HEALERS',					'FontIcons_JFD_FactionHealers_22'),
		('ICON_FONT_TEXTURE_JFD_FACTION_HOLY_SEE',					'FontIcons_JFD_FactionHolySee_22'),
		('ICON_FONT_TEXTURE_JFD_FACTION_HORDE',						'FontIcons_JFD_FactionHorde_22'),
		('ICON_FONT_TEXTURE_JFD_FACTION_HEIRS',						'FontIcons_JFD_FactionHeirs_22'),
		('ICON_FONT_TEXTURE_JFD_FACTION_HUMANIST',					'FontIcons_JFD_FactionHumanist_22'),
		('ICON_FONT_TEXTURE_JFD_FACTION_IMPERIALISTS',				'FontIcons_JFD_FactionImperialists_22'),
		('ICON_FONT_TEXTURE_JFD_FACTION_IMPERIAL_CROWN',			'FontIcons_JFD_FactionImperialCrown_22'),
		('ICON_FONT_TEXTURE_JFD_FACTION_IMPERIAL_MANDATE',			'FontIcons_JFD_FactionImperialMandate_22'),
		('ICON_FONT_TEXTURE_JFD_FACTION_INDEPENDENT',				'FontIcons_JFD_FactionIndependent_22'),
		('ICON_FONT_TEXTURE_JFD_FACTION_INFIDELS',					'FontIcons_JFD_FactionInfidels_22'),
		('ICON_FONT_TEXTURE_JFD_FACTION_INTEGRALIST',				'FontIcons_JFD_FactionIntegralist_22'),
		('ICON_FONT_TEXTURE_JFD_FACTION_KNIGHTS',					'FontIcons_JFD_FactionKnights_22'),
		('ICON_FONT_TEXTURE_JFD_FACTION_LIBERAL',					'FontIcons_JFD_FactionLiberal_22'),
		('ICON_FONT_TEXTURE_JFD_FACTION_LIBERTARIAN',				'FontIcons_JFD_FactionLibertarian_22'),
		('ICON_FONT_TEXTURE_JFD_FACTION_MAGISTRATES',				'FontIcons_JFD_FactionMagistrates_22'),
		('ICON_FONT_TEXTURE_JFD_FACTION_MAGNATES',					'FontIcons_JFD_FactionMagnates_22'),
		('ICON_FONT_TEXTURE_JFD_FACTION_MERCHANTS',					'FontIcons_JFD_FactionMerchants_22'),
		('ICON_FONT_TEXTURE_JFD_FACTION_MESSENGERS',				'FontIcons_JFD_FactionMessengers_22'),
		('ICON_FONT_TEXTURE_JFD_FACTION_MODERATE',					'FontIcons_JFD_FactionModerate_22'),
		('ICON_FONT_TEXTURE_JFD_FACTION_MONKS',						'FontIcons_JFD_FactionMonks_22'),
		('ICON_FONT_TEXTURE_JFD_FACTION_NATIONAL',					'FontIcons_JFD_FactionNational_22'),
		('ICON_FONT_TEXTURE_JFD_FACTION_NATIONALIST',				'FontIcons_JFD_FactionNationalist_22'),
		('ICON_FONT_TEXTURE_JFD_FACTION_MAMLUKES',					'FontIcons_JFD_FactionMamlukes_22'),
		('ICON_FONT_TEXTURE_JFD_FACTION_MILITARY',					'FontIcons_JFD_FactionMilitary_22'),
		('ICON_FONT_TEXTURE_JFD_FACTION_NOBILITY',					'FontIcons_JFD_FactionNobility_22'),
		('ICON_FONT_TEXTURE_JFD_FACTION_OLIGARCHS',					'FontIcons_JFD_FactionOligarchs_22'),
		('ICON_FONT_TEXTURE_JFD_FACTION_PACIFIST',					'FontIcons_JFD_FactionPacifist_22'),
		('ICON_FONT_TEXTURE_JFD_FACTION_PEASANTS',					'FontIcons_JFD_FactionPeasants_22'),
		('ICON_FONT_TEXTURE_JFD_FACTION_POPULISTS',					'FontIcons_JFD_FactionPopulists_22'),
		('ICON_FONT_TEXTURE_JFD_FACTION_PRIESTHOOD',				'FontIcons_JFD_FactionPriesthood_22'),
		('ICON_FONT_TEXTURE_JFD_FACTION_PRINCE_CAPTAIN',			'FontIcons_JFD_FactionPrinceCaptain_22'),
		('ICON_FONT_TEXTURE_JFD_FACTION_PRINCE_BISHOP',				'FontIcons_JFD_FactionPrinceBishop_22'),
		('ICON_FONT_TEXTURE_JFD_FACTION_PRINCE_ELECTOR',			'FontIcons_JFD_FactionPrinceElector_22'),
		('ICON_FONT_TEXTURE_JFD_FACTION_PRINCE_MAGRAVE',			'FontIcons_JFD_FactionPrinceMagrave_22'),
		('ICON_FONT_TEXTURE_JFD_FACTION_PRINCE_MAYOR',				'FontIcons_JFD_FactionPrinceMayor_22'),
		('ICON_FONT_TEXTURE_JFD_FACTION_PROGRESSIVE',				'FontIcons_JFD_FactionProgressive_22'),
		('ICON_FONT_TEXTURE_JFD_FACTION_RADICALIST',				'FontIcons_JFD_FactionRadicalist_22'),
		('ICON_FONT_TEXTURE_JFD_FACTION_RELIGIOUS',					'FontIcons_JFD_FactionReligious_22'),
		('ICON_FONT_TEXTURE_JFD_FACTION_REPUBLICANS',				'FontIcons_JFD_FactionRepublicans_22'),
		('ICON_FONT_TEXTURE_JFD_FACTION_REVOLUTIONARIES',			'FontIcons_JFD_FactionRevolutionaries_22'),
		('ICON_FONT_TEXTURE_JFD_FACTION_SCHOLARS',					'FontIcons_JFD_FactionScholars_22'),
		('ICON_FONT_TEXTURE_JFD_FACTION_SHAMANS',					'FontIcons_JFD_FactionShamans_22'),
		('ICON_FONT_TEXTURE_JFD_FACTION_SETTLEMENTS',				'FontIcons_JFD_FactionSettlements_22'),
		('ICON_FONT_TEXTURE_JFD_FACTION_SOCIALIST',					'FontIcons_JFD_FactionSocialist_22'),
		('ICON_FONT_TEXTURE_JFD_FACTION_SOCIAL_DEMOCRATIC',			'FontIcons_JFD_FactionSocialDemocratic_22'),
		('ICON_FONT_TEXTURE_JFD_FACTION_THIRD_POSITIONIST',			'FontIcons_JFD_FactionThirdPositionist_22'),
		('ICON_FONT_TEXTURE_JFD_FACTION_TENNO',						'FontIcons_JFD_FactionTenno_22'),
		('ICON_FONT_TEXTURE_JFD_FACTION_TRADERS',					'FontIcons_JFD_FactionTraders_22'),
		('ICON_FONT_TEXTURE_JFD_FACTION_TRIBUTARIES',				'FontIcons_JFD_FactionTributaries_22'),
		('ICON_FONT_TEXTURE_JFD_FACTION_ULTRANATIONALIST',			'FontIcons_JFD_FactionUltranationalist_22'),
		('ICON_FONT_TEXTURE_JFD_FACTION_UMMAH',						'FontIcons_JFD_FactionUmmah_22'),
		('ICON_FONT_TEXTURE_JFD_FACTION_WARRIORS',					'FontIcons_JFD_FactionWarriors_22'),
		('ICON_FONT_TEXTURE_JFD_LEGISLATURE',						'FontIcons_JFD_Legislature_22'),
		('ICON_FONT_TEXTURE_JFD_LEGISLATURE_COOLDOWN',				'FontIcons_JFD_LegislatureCooldown_22'),
		('ICON_FONT_TEXTURE_JFD_REFORM',							'FontIcons_JFD_Reform_22'),
		('ICON_FONT_TEXTURE_JFD_REFORM_COOLDOWN',					'FontIcons_JFD_ReformCooldown_22'),
		('ICON_FONT_TEXTURE_JFD_REFORM_NEW',						'FontIcons_JFD_NewReform_22'),
		('ICON_FONT_TEXTURE_JFD_REFORM_SUPPORT',					'FontIcons_JFD_ReformSupport_22'),
		('ICON_FONT_TEXTURE_JFD_REVOLUTIONARY_SENTIMENT',			'FontIcons_JFD_RevolutionarySentiment_22'),
		('ICON_FONT_TEXTURE_JFD_SOVEREIGNTY',						'FontIcons_JFD_Sovereignty_22');	
--------------------------------------------------------------------------------------------------------------------------
-- IconFontMapping
--------------------------------------------------------------------------------------------------------------------------	
INSERT OR REPLACE INTO IconFontMapping 
		(IconName, 									IconFontTexture,										IconMapping)
VALUES	('ICON_JFD_GOVERNMENT',						'ICON_FONT_TEXTURE_JFD_GOVERNMENT',						1),
		('ICON_JFD_GOVERNMENT_COOLDOWN',			'ICON_FONT_TEXTURE_JFD_GOVERNMENT_COOLDOWN',			1),
		('ICON_JFD_FACTION_POWER',					'ICON_FONT_TEXTURE_JFD_FACTION_POWER',					1),
		('ICON_JFD_FACTION_ABBOTS',					'ICON_FONT_TEXTURE_JFD_FACTION_ABBOTS',					1),
		('ICON_JFD_FACTION_ARISTOCRATS',			'ICON_FONT_TEXTURE_JFD_FACTION_ARISTOCRATS',			1),
		('ICON_JFD_FACTION_ARMOURERS',				'ICON_FONT_TEXTURE_JFD_FACTION_ARMOURERS',				1),
		('ICON_JFD_FACTION_BUREAUCRATS',			'ICON_FONT_TEXTURE_JFD_FACTION_BUREAUCRATS',			1),
		('ICON_JFD_FACTION_BOURGEOISIE',			'ICON_FONT_TEXTURE_JFD_FACTION_BOURGEOISIE',			1),
		('ICON_JFD_FACTION_CARDINAL',				'ICON_FONT_TEXTURE_JFD_FACTION_CARDINAL',				1),
		('ICON_JFD_FACTION_CARDINAL_1',				'ICON_FONT_TEXTURE_JFD_FACTION_CARDINAL_1',				1),
		('ICON_JFD_FACTION_CARDINAL_2',				'ICON_FONT_TEXTURE_JFD_FACTION_CARDINAL_2',				1),
		('ICON_JFD_FACTION_CARDINAL_3',				'ICON_FONT_TEXTURE_JFD_FACTION_CARDINAL_3',				1),
		('ICON_JFD_FACTION_CARDINAL_4',				'ICON_FONT_TEXTURE_JFD_FACTION_CARDINAL_4',				1),
		('ICON_JFD_FACTION_CARDINAL_5',				'ICON_FONT_TEXTURE_JFD_FACTION_CARDINAL_5',				1),
		('ICON_JFD_FACTION_CITIZENS',				'ICON_FONT_TEXTURE_JFD_FACTION_CITIZENS',				1),
		('ICON_JFD_FACTION_CLERGY',					'ICON_FONT_TEXTURE_JFD_FACTION_CLERGY',					1),
		('ICON_JFD_FACTION_COMMONS',				'ICON_FONT_TEXTURE_JFD_FACTION_COMMONS',				1),
		('ICON_JFD_FACTION_COMMUNIST',				'ICON_FONT_TEXTURE_JFD_FACTION_COMMUNIST',				1),
		('ICON_JFD_FACTION_CONSERVATIVE',			'ICON_FONT_TEXTURE_JFD_FACTION_CONSERVATIVE',			1),
		('ICON_JFD_FACTION_DAIMYO',					'ICON_FONT_TEXTURE_JFD_FACTION_DAIMYO',					1),
		('ICON_JFD_FACTION_DHIMMI',					'ICON_FONT_TEXTURE_JFD_FACTION_DHIMMI',					1),
		('ICON_JFD_FACTION_ELDERS',					'ICON_FONT_TEXTURE_JFD_FACTION_ELDERS',					1),
		('ICON_JFD_FACTION_EMIRS',					'ICON_FONT_TEXTURE_JFD_FACTION_EMIRS',					1),
		('ICON_JFD_FACTION_FASCIST',				'ICON_FONT_TEXTURE_JFD_FACTION_FASCIST',				1),
		('ICON_JFD_FACTION_GENERALS',				'ICON_FONT_TEXTURE_JFD_FACTION_GENERALS',				1),
		('ICON_JFD_FACTION_GREEN',					'ICON_FONT_TEXTURE_JFD_FACTION_GREEN',					1),
		('ICON_JFD_FACTION_HEALERS',				'ICON_FONT_TEXTURE_JFD_FACTION_HEALERS',				1),
		('ICON_JFD_FACTION_HOLY_SEE',				'ICON_FONT_TEXTURE_JFD_FACTION_HOLY_SEE',				1),
		('ICON_JFD_FACTION_HORDE',					'ICON_FONT_TEXTURE_JFD_FACTION_HORDE',					1),
		('ICON_JFD_FACTION_HEIRS',					'ICON_FONT_TEXTURE_JFD_FACTION_HEIRS',					1),
		('ICON_JFD_FACTION_IMPERIALISTS',			'ICON_FONT_TEXTURE_JFD_FACTION_IMPERIALISTS',			1),
		('ICON_JFD_FACTION_IMPERIAL_CROWN',			'ICON_FONT_TEXTURE_JFD_FACTION_IMPERIAL_CROWN',			1),
		('ICON_JFD_FACTION_IMPERIAL_MANDATE',		'ICON_FONT_TEXTURE_JFD_FACTION_IMPERIAL_MANDATE',		1),
		('ICON_JFD_FACTION_INDEPENDENT',			'ICON_FONT_TEXTURE_JFD_FACTION_INDEPENDENT',			1),
		('ICON_JFD_FACTION_INFIDELS',				'ICON_FONT_TEXTURE_JFD_FACTION_INFIDELS',				1),
		('ICON_JFD_FACTION_LIBERAL',				'ICON_FONT_TEXTURE_JFD_FACTION_LIBERAL',				1),
		('ICON_JFD_FACTION_KNIGHTS',				'ICON_FONT_TEXTURE_JFD_FACTION_KNIGHTS',				1),
		('ICON_JFD_FACTION_LIBERTARIAN',			'ICON_FONT_TEXTURE_JFD_FACTION_LIBERTARIAN',			1),
		('ICON_JFD_FACTION_MAGISTRATES',			'ICON_FONT_TEXTURE_JFD_FACTION_MAGISTRATES',			1),
		('ICON_JFD_FACTION_MAGNATES',				'ICON_FONT_TEXTURE_JFD_FACTION_MAGNATES',				1),
		('ICON_JFD_FACTION_MAMLUKES',				'ICON_FONT_TEXTURE_JFD_FACTION_MAMLUKES',				1),
		('ICON_JFD_FACTION_MERCHANTS',				'ICON_FONT_TEXTURE_JFD_FACTION_MERCHANTS',				1),
		('ICON_JFD_FACTION_MESSENGERS',				'ICON_FONT_TEXTURE_JFD_FACTION_MESSENGERS',				1),
		('ICON_JFD_FACTION_MILITARY',				'ICON_FONT_TEXTURE_JFD_FACTION_MILITARY',				1),
		('ICON_JFD_FACTION_MODERATE',				'ICON_FONT_TEXTURE_JFD_FACTION_MODERATE',				1),
		('ICON_JFD_FACTION_MONKS',					'ICON_FONT_TEXTURE_JFD_FACTION_MONKS',					1),
		('ICON_JFD_FACTION_NATIONAL',				'ICON_FONT_TEXTURE_JFD_FACTION_NATIONAL',				1),
		('ICON_JFD_FACTION_NATIONALIST',			'ICON_FONT_TEXTURE_JFD_FACTION_NATIONALIST',			1),
		('ICON_JFD_FACTION_NOBILITY',				'ICON_FONT_TEXTURE_JFD_FACTION_NOBILITY',				1),
		('ICON_JFD_FACTION_OLIGARCHS',				'ICON_FONT_TEXTURE_JFD_FACTION_OLIGARCHS',				1),
		('ICON_JFD_FACTION_PACIFIST',				'ICON_FONT_TEXTURE_JFD_FACTION_PACIFIST',				1),
		('ICON_JFD_FACTION_PEASANTS',				'ICON_FONT_TEXTURE_JFD_FACTION_PEASANTS',				1),
		('ICON_JFD_FACTION_POPULISTS',				'ICON_FONT_TEXTURE_JFD_FACTION_POPULISTS',				1),
		('ICON_JFD_FACTION_PRIESTHOOD',				'ICON_FONT_TEXTURE_JFD_FACTION_PRIESTHOOD',				1),
		('ICON_JFD_FACTION_PRINCE_CAPTAIN',			'ICON_FONT_TEXTURE_JFD_FACTION_PRINCE_CAPTAIN',			1),
		('ICON_JFD_FACTION_PRINCE_BISHOP',			'ICON_FONT_TEXTURE_JFD_FACTION_PRINCE_BISHOP',			1),
		('ICON_JFD_FACTION_PRINCE_ELECTOR',			'ICON_FONT_TEXTURE_JFD_FACTION_PRINCE_ELECTOR',			1),
		('ICON_JFD_FACTION_PRINCE_MAGRAVE',			'ICON_FONT_TEXTURE_JFD_FACTION_PRINCE_MAGRAVE',			1),
		('ICON_JFD_FACTION_PRINCE_MAYOR',			'ICON_FONT_TEXTURE_JFD_FACTION_PRINCE_MAYOR',			1),
		('ICON_JFD_FACTION_PROGRESSIVE',			'ICON_FONT_TEXTURE_JFD_FACTION_PROGRESSIVE',			1),
		('ICON_JFD_FACTION_RADICALIST',				'ICON_FONT_TEXTURE_JFD_FACTION_RADICALIST',				1),
		('ICON_JFD_FACTION_RELIGIOUS',				'ICON_FONT_TEXTURE_JFD_FACTION_RELIGIOUS',				1),
		('ICON_JFD_FACTION_REPUBLICANS',			'ICON_FONT_TEXTURE_JFD_FACTION_REPUBLICANS',			1),
		('ICON_JFD_FACTION_REVOLUTIONARIES',		'ICON_FONT_TEXTURE_JFD_FACTION_REVOLUTIONARIES',		1),
		('ICON_JFD_FACTION_SCHOLARS',				'ICON_FONT_TEXTURE_JFD_FACTION_SCHOLARS',				1),
		('ICON_JFD_FACTION_SHAMANS',				'ICON_FONT_TEXTURE_JFD_FACTION_SHAMANS',				1),
		('ICON_JFD_FACTION_SETTLEMENTS',			'ICON_FONT_TEXTURE_JFD_FACTION_SETTLEMENTS',			1),
		('ICON_JFD_FACTION_SOCIALIST',				'ICON_FONT_TEXTURE_JFD_FACTION_SOCIALIST',				1),
		('ICON_JFD_FACTION_SOCIAL_DEMOCRATIC',		'ICON_FONT_TEXTURE_JFD_FACTION_SOCIAL_DEMOCRATIC',		1),
		('ICON_JFD_FACTION_TENNO',					'ICON_FONT_TEXTURE_JFD_FACTION_TENNO',					1),
		('ICON_JFD_FACTION_THIRD_POSITIONIST',		'ICON_FONT_TEXTURE_JFD_FACTION_THIRD_POSITIONIST',		1),
		('ICON_JFD_FACTION_TRADERS',				'ICON_FONT_TEXTURE_JFD_FACTION_TRADERS',				1),
		('ICON_JFD_FACTION_TRIBUTARIES',			'ICON_FONT_TEXTURE_JFD_FACTION_TRIBUTARIES',			1),
		('ICON_JFD_FACTION_ULTRANATIONALIST',		'ICON_FONT_TEXTURE_JFD_FACTION_ULTRANATIONALIST',		1),
		('ICON_JFD_FACTION_UMMAH',					'ICON_FONT_TEXTURE_JFD_FACTION_UMMAH',					1),
		('ICON_JFD_FACTION_WARRIORS',				'ICON_FONT_TEXTURE_JFD_FACTION_WARRIORS',				1),
		('ICON_JFD_LEGISLATURE',					'ICON_FONT_TEXTURE_JFD_LEGISLATURE',					1),
		('ICON_JFD_LEGISLATURE_COOLDOWN',			'ICON_FONT_TEXTURE_JFD_LEGISLATURE_COOLDOWN',			1),
		('ICON_JFD_REFORM',							'ICON_FONT_TEXTURE_JFD_REFORM',							1),
		('ICON_JFD_REFORM_COOLDOWN',				'ICON_FONT_TEXTURE_JFD_REFORM_COOLDOWN',				1),
		('ICON_JFD_REFORM_NEW',						'ICON_FONT_TEXTURE_JFD_REFORM_NEW',						1),
		('ICON_JFD_REFORM_OPPOSE',					'ICON_FONT_TEXTURE_DEFAULT',							109),
		('ICON_JFD_REFORM_SUPPORT',					'ICON_FONT_TEXTURE_JFD_REFORM_SUPPORT',					1),
		('ICON_JFD_REVOLUTIONARY_SENTIMENT',		'ICON_FONT_TEXTURE_JFD_REVOLUTIONARY_SENTIMENT',		1),
		('ICON_JFD_SOVEREIGNTY',					'ICON_FONT_TEXTURE_JFD_SOVEREIGNTY',					1);
--==========================================================================================================================
-- ICON ATLASES
--==========================================================================================================================	
--------------------------------------------------------------------------------------------------------------------------
-- IconTextureAtlases
--------------------------------------------------------------------------------------------------------------------------
INSERT INTO IconTextureAtlases 
		(Atlas, 								IconSize, 	Filename, 										IconsPerRow, 	IconsPerColumn)
VALUES	('JFD_SOVEREIGNTY_ALPHA_ATLAS',			256, 		'JFD_Sovereignty_AlphaAtlas_256.dds',			25, 			1),
		('JFD_SOVEREIGNTY_ALPHA_ATLAS',			48, 		'JFD_Sovereignty_AlphaAtlas_48.dds',			25, 			1),
		('JFD_SOVEREIGNTY_BUILDING_ATLAS',		256, 		'JFD_Sovereignty_BuildingAtlas_256.dds',		4, 				1),
		('JFD_SOVEREIGNTY_BUILDING_ATLAS',		128, 		'JFD_Sovereignty_BuildingAtlas_128.dds',		4, 				1),
		('JFD_SOVEREIGNTY_BUILDING_ATLAS',		80, 		'JFD_Sovereignty_BuildingAtlas_80.dds',			4, 				1),
		('JFD_SOVEREIGNTY_BUILDING_ATLAS',		64, 		'JFD_Sovereignty_BuildingAtlas_64.dds',			4, 				1),
		('JFD_SOVEREIGNTY_BUILDING_ATLAS',		45, 		'JFD_Sovereignty_BuildingAtlas_45.dds',			4, 				1),
		('JFD_SOVEREIGNTY_BUILDING_ATLAS',		32, 		'JFD_Sovereignty_BuildingAtlas_32.dds',			4, 				1),
		('JFD_SOVEREIGNTY_NOTIFICATION_ATLAS', 	256, 		'JFD_Sovereignty_NotificationAtlas_256.dds',	25, 			1),
		('JFD_SOVEREIGNTY_NOTIFICATION_ATLAS', 	128, 		'JFD_Sovereignty_NotificationAtlas_128.dds',	25, 			1),
		('JFD_SOVEREIGNTY_NOTIFICATION_ATLAS', 	80, 		'JFD_Sovereignty_NotificationAtlas_80.dds',		25, 			1),
		('JFD_SOVEREIGNTY_NOTIFICATION_ATLAS', 	64, 		'JFD_Sovereignty_NotificationAtlas_64.dds',		25, 			1),
		('JFD_SOVEREIGNTY_NOTIFICATION_ATLAS', 	45, 		'JFD_Sovereignty_NotificationAtlas_45.dds',		25, 			1),
		('JFD_SOVEREIGNTY_TECH_ATLAS',			256, 		'JFD_Sovereignty_TechAtlas_256.dds',			2, 				2),
		('JFD_SOVEREIGNTY_TECH_ATLAS',			214, 		'JFD_Sovereignty_TechAtlas_214.dds',			2, 				2),
		('JFD_SOVEREIGNTY_TECH_ATLAS',			128, 		'JFD_Sovereignty_TechAtlas_128.dds',			2, 				2),
		('JFD_SOVEREIGNTY_TECH_ATLAS',			80, 		'JFD_Sovereignty_TechAtlas_80.dds',				2, 				2),
		('JFD_SOVEREIGNTY_TECH_ATLAS',			64, 		'JFD_Sovereignty_TechAtlas_64.dds',				2, 				2),
		('JFD_SOVEREIGNTY_TECH_ATLAS',			45, 		'JFD_Sovereignty_TechAtlas_45.dds',				2, 				2),
		('JFD_SOVEREIGNTY_TECH_ATLAS',			32, 		'JFD_Sovereignty_TechAtlas_32.dds',				2, 				2),
		('JFD_SOVEREIGNTY_WONDER_ATLAS',		256, 		'JFD_Sovereignty_WonderAtlas_256.dds',			4, 				4),
		('JFD_SOVEREIGNTY_WONDER_ATLAS',		128, 		'JFD_Sovereignty_WonderAtlas_128.dds',			4, 				4),
		('JFD_SOVEREIGNTY_WONDER_ATLAS',		80, 		'JFD_Sovereignty_WonderAtlas_80.dds',			4, 				4),
		('JFD_SOVEREIGNTY_WONDER_ATLAS',		64, 		'JFD_Sovereignty_WonderAtlas_64.dds',			4, 				4),
		('JFD_SOVEREIGNTY_WONDER_ATLAS',		45, 		'JFD_Sovereignty_WonderAtlas_45.dds',			4, 				4),
		('JFD_SOVEREIGNTY_WONDER_ATLAS',		32, 		'JFD_Sovereignty_WonderAtlas_32.dds',			4, 				4);
--==========================================================================================================================
--==========================================================================================================================
