INSERT INTO UnitClasses
            (Type,												DefaultUnit,								Description)
VALUES		('UNITCLASS_MC_JERUSALEM_CRUSADER_TEMPLARS',		'UNIT_MC_JERUSALEM_CRUSADER_TEMPLARS',		'TXT_KEY_UNIT_MC_JERUSALEM_CRUSADER_TEMPLARS'),
			('UNITCLASS_MC_JERUSALEM_CRUSADER_TEUTONIC',		'UNIT_MC_JERUSALEM_CRUSADER_TEUTONIC',		'TXT_KEY_UNIT_MC_JERUSALEM_CRUSADER_TEUTONIC'),
			('UNITCLASS_MC_JERUSALEM_CRUSADER_ST_JOHN',			'UNIT_MC_JERUSALEM_CRUSADER_ST_JOHN',		'TXT_KEY_UNIT_MC_JERUSALEM_CRUSADER_ST_JOHN'),
			('UNITCLASS_MC_JERUSALEM_CRUSADER_SEPULCHRE',		'UNIT_MC_JERUSALEM_CRUSADER_SEPULCHRE',		'TXT_KEY_UNIT_MC_JERUSALEM_CRUSADER_SEPULCHRE'),
			('UNITCLASS_MC_JERUSALEM_CRUSADER_LAZARUS',			'UNIT_MC_JERUSALEM_CRUSADER_LAZARUS',		'TXT_KEY_UNIT_MC_JERUSALEM_CRUSADER_LAZARUS'),
			('UNITCLASS_MC_JERUSALEM_CRUSADER_CRUCIFORM',		'UNIT_MC_JERUSALEM_CRUSADER_CRUCIFORM',		'TXT_KEY_UNIT_MC_JERUSALEM_CRUSADER_CRUCIFORM');
			

INSERT INTO Unit_AITypes
			(UnitType,										UnitAIType)
VALUES		('UNIT_MC_JERUSALEM_CRUSADER',					'UNITAI_DEFENSE'),
			('UNIT_MC_JERUSALEM_CRUSADER',					'UNITAI_FAST_ATTACK'),
			('UNIT_MC_JERUSALEM_CRUSADER_TEMPLARS',			'UNITAI_ATTACK'),
			('UNIT_MC_JERUSALEM_CRUSADER_TEMPLARS',			'UNITAI_DEFENSE'),
			('UNIT_MC_JERUSALEM_CRUSADER_TEUTONIC',			'UNITAI_DEFENSE'),
			('UNIT_MC_JERUSALEM_CRUSADER_TEUTONIC',			'UNITAI_FAST_ATTACK'),
			('UNIT_MC_JERUSALEM_CRUSADER_ST_JOHN',			'UNITAI_ATTACK'),
			('UNIT_MC_JERUSALEM_CRUSADER_ST_JOHN',			'UNITAI_DEFENSE'),
			('UNIT_MC_JERUSALEM_CRUSADER_ST_JOHN',			'UNITAI_COUNTER'),
			('UNIT_MC_JERUSALEM_CRUSADER_ST_JOHN',			'UNITAI_EXPLORE'),
			('UNIT_MC_JERUSALEM_CRUSADER_SEPULCHRE',		'UNITAI_DEFENSE'),
			('UNIT_MC_JERUSALEM_CRUSADER_SEPULCHRE',		'UNITAI_FAST_ATTACK'),
			('UNIT_MC_JERUSALEM_CRUSADER_LAZARUS',			'UNITAI_DEFENSE'),
			('UNIT_MC_JERUSALEM_CRUSADER_LAZARUS',			'UNITAI_FAST_ATTACK'),
			('UNIT_MC_JERUSALEM_CRUSADER_CRUCIFORM',		'UNITAI_ATTACK'),
			('UNIT_MC_JERUSALEM_CRUSADER_CRUCIFORM',		'UNITAI_DEFENSE'),
			('UNIT_MC_JERUSALEM_CRUSADER_CRUCIFORM',		'UNITAI_EXPLORE');
		
			
INSERT INTO Unit_ClassUpgrades
			(UnitType,										UnitClassType)
VALUES		('UNIT_MC_JERUSALEM_CRUSADER',					'UNITCLASS_CAVALRY'),
			('UNIT_MC_JERUSALEM_CRUSADER_TEMPLARS',			'UNITCLASS_MUSKETMAN'),
			('UNIT_MC_JERUSALEM_CRUSADER_TEUTONIC',			'UNITCLASS_CAVALRY'),
			('UNIT_MC_JERUSALEM_CRUSADER_ST_JOHN',			'UNITCLASS_LANCER'),
			('UNIT_MC_JERUSALEM_CRUSADER_SEPULCHRE',		'UNITCLASS_CAVALRY'),
			('UNIT_MC_JERUSALEM_CRUSADER_LAZARUS',			'UNITCLASS_CAVALRY'),
			('UNIT_MC_JERUSALEM_CRUSADER_CRUCIFORM',		'UNITCLASS_INFANTRY');
			

INSERT INTO Unit_Flavors
			(UnitType,										FlavorType,						Flavor)
VALUES		('UNIT_MC_JERUSALEM_CRUSADER',					'FLAVOR_OFFENSE',				9),
			('UNIT_MC_JERUSALEM_CRUSADER',					'FLAVOR_DEFENSE',				3),
			('UNIT_MC_JERUSALEM_CRUSADER',					'FLAVOR_MOBILE',				5),
			('UNIT_MC_JERUSALEM_CRUSADER_TEMPLARS',			'FLAVOR_OFFENSE',				9),
			('UNIT_MC_JERUSALEM_CRUSADER_TEMPLARS',			'FLAVOR_DEFENSE',				7),
			('UNIT_MC_JERUSALEM_CRUSADER_TEUTONIC',			'FLAVOR_OFFENSE',				9),
			('UNIT_MC_JERUSALEM_CRUSADER_TEUTONIC',			'FLAVOR_DEFENSE',				3),
			('UNIT_MC_JERUSALEM_CRUSADER_TEUTONIC',			'FLAVOR_MOBILE',				5),
			('UNIT_MC_JERUSALEM_CRUSADER_ST_JOHN',			'FLAVOR_OFFENSE',				4),
			('UNIT_MC_JERUSALEM_CRUSADER_ST_JOHN',			'FLAVOR_DEFENSE',				6),
			('UNIT_MC_JERUSALEM_CRUSADER_SEPULCHRE',		'FLAVOR_OFFENSE',				9),
			('UNIT_MC_JERUSALEM_CRUSADER_SEPULCHRE',		'FLAVOR_DEFENSE',				3),
			('UNIT_MC_JERUSALEM_CRUSADER_SEPULCHRE',		'FLAVOR_MOBILE',				5),
			('UNIT_MC_JERUSALEM_CRUSADER_LAZARUS',			'FLAVOR_OFFENSE',				9),
			('UNIT_MC_JERUSALEM_CRUSADER_LAZARUS',			'FLAVOR_DEFENSE',				3),
			('UNIT_MC_JERUSALEM_CRUSADER_LAZARUS',			'FLAVOR_MOBILE',				5),
			('UNIT_MC_JERUSALEM_CRUSADER_CRUCIFORM',		'FLAVOR_OFFENSE',				10),
			('UNIT_MC_JERUSALEM_CRUSADER_CRUCIFORM',		'FLAVOR_DEFENSE',				10);


INSERT INTO Unit_FreePromotions
			(UnitType,										PromotionType)
VALUES		('UNIT_MC_JERUSALEM_CRUSADER',					'PROMOTION_NO_DEFENSIVE_BONUSES'),
			('UNIT_MC_JERUSALEM_CRUSADER',					'PROMOTION_CAN_MOVE_AFTER_ATTACKING'),
			('UNIT_MC_JERUSALEM_CRUSADER',					'PROMOTION_CITY_PENALTY'),
			('UNIT_MC_JERUSALEM_CRUSADER_TEUTONIC',			'PROMOTION_NO_DEFENSIVE_BONUSES'),
			('UNIT_MC_JERUSALEM_CRUSADER_TEUTONIC',			'PROMOTION_CAN_MOVE_AFTER_ATTACKING'),
			('UNIT_MC_JERUSALEM_CRUSADER_TEUTONIC',			'PROMOTION_CITY_PENALTY'),
			('UNIT_MC_JERUSALEM_CRUSADER_ST_JOHN',			'PROMOTION_ANTI_MOUNTED_I'),
			('UNIT_MC_JERUSALEM_CRUSADER_SEPULCHRE',		'PROMOTION_NO_DEFENSIVE_BONUSES'),
			('UNIT_MC_JERUSALEM_CRUSADER_SEPULCHRE',		'PROMOTION_CAN_MOVE_AFTER_ATTACKING'),
			('UNIT_MC_JERUSALEM_CRUSADER_SEPULCHRE',		'PROMOTION_CITY_PENALTY'),
			('UNIT_MC_JERUSALEM_CRUSADER_LAZARUS',			'PROMOTION_NO_DEFENSIVE_BONUSES'),
			('UNIT_MC_JERUSALEM_CRUSADER_LAZARUS',			'PROMOTION_CAN_MOVE_AFTER_ATTACKING'),
			('UNIT_MC_JERUSALEM_CRUSADER_LAZARUS',			'PROMOTION_CITY_PENALTY');


--This bit either stops city states and barbs from getting crusaders or it completely screws everything up
INSERT INTO Civilization_UnitClassOverrides  
		(CivilizationType, 	UnitClassType, 	UnitType) 
SELECT 	a.Type, 			b.Class, 		NULL 
FROM Civilizations a, Units b WHERE a.Type != 'CIVILIZATION_MC_JERUSALEM' 
AND b.Type IN ('UNIT_MC_JERUSALEM_CRUSADER_TEMPLARS', 'UNIT_MC_JERUSALEM_CRUSADER_TEUTONIC', 'UNIT_MC_JERUSALEM_CRUSADER_ST_JOHN', 'UNIT_MC_JERUSALEM_CRUSADER_SEPULCHRE', 'UNIT_MC_JERUSALEM_CRUSADER_LAZARUS', 'UNIT_MC_JERUSALEM_CRUSADER_CRUCIFORM');

CREATE TRIGGER IF NOT EXISTS C15_Jerusalem_QuickFixBoisUU
AFTER INSERT ON Civilizations
WHEN NEW.Type != 'CIVILIZATION_MC_JERUSALEM'
BEGIN
	INSERT INTO Civilization_UnitClassOverrides  
			(CivilizationType, 	UnitClassType, 	UnitType) 
	SELECT	NEW.Type,			Class,			NULL
	FROM Units WHERE Type IN ('UNIT_MC_JERUSALEM_CRUSADER_TEMPLARS', 'UNIT_MC_JERUSALEM_CRUSADER_TEUTONIC', 'UNIT_MC_JERUSALEM_CRUSADER_ST_JOHN', 'UNIT_MC_JERUSALEM_CRUSADER_SEPULCHRE', 'UNIT_MC_JERUSALEM_CRUSADER_LAZARUS', 'UNIT_MC_JERUSALEM_CRUSADER_CRUCIFORM');
END;